[
    {
        "url": "https://slaying.ddns.net",
        "api_endpoints": [],
        "crawled_at": 1741056206.5257874
    },
    {
        "url": "https://slaying.ddns.net#/contact",
        "api_endpoints": [
            "https://slaying.ddns.net/rest/captcha/",
            "https://slaying.ddns.net/rest/user/whoami",
            "https://slaying.ddns.net/socket.io/?EIO=4&transport=polling&t=PLV2MpS&sid=NBZ2NvDvctgMxwfdAAW9"
        ],
        "crawled_at": 1741056208.6772025
    },
    {
        "url": "https://slaying.ddns.net#/login",
        "api_endpoints": [
            "https://slaying.ddns.net/rest/captcha/",
            "https://slaying.ddns.net/rest/user/whoami",
            "https://slaying.ddns.net/rest/admin/application-configuration",
            "https://slaying.ddns.net/socket.io/?EIO=4&transport=polling&t=PLV2MpS&sid=NBZ2NvDvctgMxwfdAAW9"
        ],
        "crawled_at": 1741056210.7780178
    },
    {
        "url": "https://slaying.ddns.net#/photo-wall",
        "api_endpoints": [
            "https://slaying.ddns.net/assets/public/images/products/no-results.png",
            "https://slaying.ddns.net/rest/memories/",
            "https://slaying.ddns.net/rest/user/whoami",
            "https://slaying.ddns.net/rest/admin/application-configuration",
            "https://slaying.ddns.net/rest/captcha/",
            "https://slaying.ddns.net/socket.io/?EIO=4&transport=polling&t=PLV2MpS&sid=NBZ2NvDvctgMxwfdAAW9"
        ],
        "crawled_at": 1741056212.9414968
    },
    {
        "url": "https://slaying.ddns.net#/about",
        "api_endpoints": [
            "https://slaying.ddns.net/assets/public/images/products/no-results.png",
            "https://slaying.ddns.net/rest/memories/",
            "https://slaying.ddns.net/rest/user/whoami",
            "https://slaying.ddns.net/rest/admin/application-configuration",
            "https://slaying.ddns.net/api/Feedbacks/",
            "https://slaying.ddns.net/rest/captcha/",
            "https://slaying.ddns.net/socket.io/?EIO=4&transport=polling&t=PLV2MpS&sid=NBZ2NvDvctgMxwfdAAW9"
        ],
        "crawled_at": 1741056215.006003
    },
    {
        "url": "https://slaying.ddns.net#/forgot-password",
        "api_endpoints": [
            "https://slaying.ddns.net/assets/public/images/products/no-results.png",
            "https://slaying.ddns.net/rest/memories/",
            "https://slaying.ddns.net/rest/user/whoami",
            "https://slaying.ddns.net/rest/admin/application-configuration",
            "https://slaying.ddns.net/api/Feedbacks/",
            "https://slaying.ddns.net/rest/captcha/",
            "https://slaying.ddns.net/socket.io/?EIO=4&transport=polling&t=PLV2MpS&sid=NBZ2NvDvctgMxwfdAAW9"
        ],
        "crawled_at": 1741056217.0538442
    },
    {
        "url": "https://slaying.ddns.net#/register",
        "api_endpoints": [
            "https://slaying.ddns.net/assets/public/images/products/no-results.png",
            "https://slaying.ddns.net/rest/memories/",
            "https://slaying.ddns.net/rest/user/whoami",
            "https://slaying.ddns.net/rest/admin/application-configuration",
            "https://slaying.ddns.net/api/Feedbacks/",
            "https://slaying.ddns.net/api/SecurityQuestions/",
            "https://slaying.ddns.net/rest/captcha/",
            "https://slaying.ddns.net/socket.io/?EIO=4&transport=polling&t=PLV2MpS&sid=NBZ2NvDvctgMxwfdAAW9"
        ],
        "crawled_at": 1741056219.1105442
    },
    {
        "url": "https://slaying.ddns.net#/score-board",
        "api_endpoints": [
            "https://slaying.ddns.net/assets/public/images/products/no-results.png",
            "https://slaying.ddns.net/rest/memories/",
            "https://slaying.ddns.net/rest/user/whoami",
            "https://slaying.ddns.net/rest/admin/application-configuration",
            "https://slaying.ddns.net/api/Feedbacks/",
            "https://slaying.ddns.net/api/Challenges/?sort=name",
            "https://slaying.ddns.net/snippets",
            "https://slaying.ddns.net/api/SecurityQuestions/",
            "https://slaying.ddns.net/rest/captcha/",
            "https://slaying.ddns.net/socket.io/?EIO=4&transport=polling&t=PLV2MpS&sid=NBZ2NvDvctgMxwfdAAW9"
        ],
        "crawled_at": 1741056221.1767738
    }
]